Country,"Market Role",Company,"Type of identification","Identification of organisation","Jumpoff URL to Permission Portal",Website,"Official Contact","Permission Management Responsibility","Documentation of access","Identity service provider","Eligible party on-boarding","Eligible party test on-boarding","Price list for access to data by eligible parties"
AT,DSO,"AAE Wasserkraft GmbH",AT-Code,AT007240,,https://aae.at/,office@aae-wasserkraft.at,"AAE Wasserkraft GmbH",https://www.ebutilities.at/home.html,"AAE Wasserkraft GmbH",https://www.eda.at/energiedienstleister,-,https://www.eda.at/pdf/anlage5preisblatt.pdf
AT,DSO,"Alfenzwerke Elektrizitätserzeugung GmbH",AT-Code,AT006250,,,office@alfenzwerke.at,"Alfenzwerke Elektrizitätserzeugung GmbH",https://www.ebutilities.at/home.html,"Alfenzwerke Elektrizitätserzeugung GmbH",https://www.eda.at/energiedienstleister,-,https://www.eda.at/pdf/anlage5preisblatt.pdf
AT,DSO,"Andreas Braunstein",AT-Code,AT008550,,,andy.braunstein@aon.at,"Andreas Braunstein",https://www.ebutilities.at/home.html,"Andreas Braunstein",https://www.eda.at/energiedienstleister,-,https://www.eda.at/pdf/anlage5preisblatt.pdf
AT,DSO,"Anton Kittel Mühle Plaika GmbH",AT-Code,AT002220,,https://kittelmuehle.at/,office@kittelmuehle.at,"Anton Kittel Mühle Plaika GmbH",https://www.ebutilities.at/home.html,"Anton Kittel Mühle Plaika GmbH",https://www.eda.at/energiedienstleister,-,https://www.eda.at/pdf/anlage5preisblatt.pdf
AT,DSO,"Austrian Power Grid AG",AT-Code,AT000000,,https://www.apg.at/,office.uai@apg.at,"Austrian Power Grid AG",https://www.ebutilities.at/home.html,"Austrian Power Grid AG",https://www.eda.at/energiedienstleister,-,https://www.eda.at/pdf/anlage5preisblatt.pdf
AT,DSO,"Bad Gleichenberger Energie GmbH",AT-Code,AT008310,,https://bg-energie.at/,office@bg-energie.at,"Bad Gleichenberger Energie GmbH",https://www.ebutilities.at/home.html,"Bad Gleichenberger Energie GmbH",https://www.eda.at/energiedienstleister,-,https://www.eda.at/pdf/anlage5preisblatt.pdf
AT,DSO,"Ebner Strom GmbH",AT-Code,AT003460,,https://www.ebnerstrom.at/,kontakt@ebnerstrom.at,"Ebner Strom GmbH",https://www.ebutilities.at/home.html,"Ebner Strom GmbH",https://www.eda.at/energiedienstleister,-,https://www.eda.at/pdf/anlage5preisblatt.pdf
AT,DSO,"Elektrizitätsgenossenschaft Laintal eGen",AT-Code,AT008510,,https://www.laintal-strom.at/,office@laintal-strom.at,"Elektrizitätsgenossenschaft Laintal eGen",https://www.ebutilities.at/home.html,"Elektrizitätsgenossenschaft Laintal eGen",https://www.eda.at/energiedienstleister,-,https://www.eda.at/pdf/anlage5preisblatt.pdf
AT,DSO,"Elektrizitätswerk Bad Hofgastein Gesellschaft m.b.H.",AT-Code,AT004110,,https://ewh.co.at/,ewerk@ewh.co.at,"Elektrizitätswerk Bad Hofgastein Gesellschaft m.b.H.",https://www.ebutilities.at/home.html,"Elektrizitätswerk Bad Hofgastein Gesellschaft m.b.H.",https://www.eda.at/energiedienstleister,-,https://www.eda.at/pdf/anlage5preisblatt.pdf
AT,DSO,"Elektrizitätswerk Clam Carl-Philip Clam-Martinic e. U.",AT-Code,AT002910,,http://www.clamstrom.at/,office@clamstrom.at,"Elektrizitätswerk Clam Carl-Philip Clam-Martinic e. U.",https://www.ebutilities.at/home.html,"Elektrizitätswerk Clam Carl-Philip Clam-Martinic e. U.",https://www.eda.at/energiedienstleister,-,https://www.eda.at/pdf/anlage5preisblatt.pdf
AT,DSO,"Elektrizitätswerk der Gemeinde Gries am Brenner",AT-Code,AT005540,,https://www.griesambrenner.tirol.gv.at/Elektrizitaetswerk_der_Gemeinde_Gries_am_Brenner,ewerk@griesambrenner.tirol.gv.at,"Elektrizitätswerk der Gemeinde Gries am Brenner",https://www.ebutilities.at/home.html,"Elektrizitätswerk der Gemeinde Gries am Brenner",https://www.eda.at/energiedienstleister,-,https://www.eda.at/pdf/anlage5preisblatt.pdf
AT,DSO,"Elektrizitätswerk der Gemeinde Kematen",AT-Code,AT005350,,https://ewerk.kematenintirol.at/,gemeindewerke.kematen@aon.at,"Elektrizitätswerk der Gemeinde Kematen",https://www.ebutilities.at/home.html,"Elektrizitätswerk der Gemeinde Kematen",https://www.eda.at/energiedienstleister,-,https://www.eda.at/pdf/anlage5preisblatt.pdf
AT,DSO,"Elektrizitätswerk der Stadtgemeinde Kindberg",AT-Code,AT008110,,https://www.ewerk-kindberg.at/,sekretariat@ewerk-kindberg.at,"Elektrizitätswerk der Stadtgemeinde Kindberg",https://www.ebutilities.at/home.html,"Elektrizitätswerk der Stadtgemeinde Kindberg",https://www.eda.at/energiedienstleister,-,https://www.eda.at/pdf/anlage5preisblatt.pdf
AT,DSO,"Elektrizitätswerk Eisenhuber GmbH & Co KG",AT-Code,AT002210,,https://www.eisenhuber.com/,johann.wagner@eisenhuber.com,"Elektrizitätswerk Eisenhuber GmbH & Co KG",https://www.ebutilities.at/home.html,"Elektrizitätswerk Eisenhuber GmbH & Co KG",https://www.eda.at/energiedienstleister,-,https://www.eda.at/pdf/anlage5preisblatt.pdf
AT,DSO,"Elektrizitätswerk Fernitz, Ing. Franz Purkarthofer GmbH & Co KG.",AT-Code,AT008570,,https://ewerkfernitz.at/,office@ewerkfernitz.at,"Elektrizitätswerk Fernitz, Ing. Franz Purkarthofer GmbH & Co KG.",https://www.ebutilities.at/home.html,"Elektrizitätswerk Fernitz, Ing. Franz Purkarthofer GmbH & Co KG.",https://www.eda.at/energiedienstleister,-,https://www.eda.at/pdf/anlage5preisblatt.pdf
AT,DSO,"Elektrizitätswerk Gröbming KG",AT-Code,AT008620,,https://www.das-ewerk.at/,office@ewerk-groebming.at,"Elektrizitätswerk Gröbming KG",https://www.ebutilities.at/home.html,"Elektrizitätswerk Gröbming KG",https://www.eda.at/energiedienstleister,-,https://www.eda.at/pdf/anlage5preisblatt.pdf
AT,DSO,"Elektrizitätswerk Mürzsteg",AT-Code,AT008370,,http://www.neuberg-muerz.gv.at/e-werk-muerzsteg-2/,m.seiser@muerzsteg.at,"Elektrizitätswerk Mürzsteg",https://www.ebutilities.at/home.html,"Elektrizitätswerk Mürzsteg",https://www.eda.at/energiedienstleister,-,https://www.eda.at/pdf/anlage5preisblatt.pdf
AT,DSO,"Elektrizitätswerk Perg GmbH",AT-Code,AT003310,,https://www.ewerk-perg.at/,ewerk@ewerk-perg.at,"Elektrizitätswerk Perg GmbH",https://www.ebutilities.at/home.html,"Elektrizitätswerk Perg GmbH",https://www.eda.at/energiedienstleister,-,https://www.eda.at/pdf/anlage5preisblatt.pdf
AT,DSO,"Elektrizitätswerk Prantl Gesellschaft m.b.H.",AT-Code,AT005460,,https://www.prantlstrom.at/,ew-prantl@tirol.com,"Elektrizitätswerk Prantl Gesellschaft m.b.H.",https://www.ebutilities.at/home.html,"Elektrizitätswerk Prantl Gesellschaft m.b.H.",https://www.eda.at/energiedienstleister,-,https://www.eda.at/pdf/anlage5preisblatt.pdf
AT,DSO,"Elektrizitätswerk Winkler GmbH",AT-Code,AT005480,,http://www.e-werk-winkler.at/,e.werk.winkler@aon.at,"Elektrizitätswerk Winkler GmbH",https://www.ebutilities.at/home.html,"Elektrizitätswerk Winkler GmbH",https://www.eda.at/energiedienstleister,-,https://www.eda.at/pdf/anlage5preisblatt.pdf
AT,DSO,"Elektrizitätswerke Bad Radkersburg GmbH",AT-Code,AT008450,,https://www.ewerk-badradkersburg.at/,,"Elektrizitätswerke Bad Radkersburg GmbH",https://www.ebutilities.at/home.html,"Elektrizitätswerke Bad Radkersburg GmbH",https://www.eda.at/energiedienstleister,-,https://www.eda.at/pdf/anlage5preisblatt.pdf
AT,DSO,"Elektrizitätswerke Frastanz Gesellschaft m.b.H.",AT-Code,AT006210,,https://www.ewerke.at/,info@ewerke.at,"Elektrizitätswerke Frastanz Gesellschaft m.b.H.",https://www.ebutilities.at/home.html,"Elektrizitätswerke Frastanz Gesellschaft m.b.H.",https://www.eda.at/energiedienstleister,-,https://www.eda.at/pdf/anlage5preisblatt.pdf
AT,DSO,"Elektrizitätswerke Reutte AG",AT-Code,AT005110,,https://www.ewr-energie.com/,edm@ewr.at,"Elektrizitätswerke Reutte AG",https://www.ebutilities.at/home.html,"Elektrizitätswerke Reutte AG",https://www.eda.at/energiedienstleister,-,https://www.eda.at/pdf/anlage5preisblatt.pdf
AT,DSO,"Elektriztätswerk Mariahof GmbH",AT-Code,AT008650,,http://www.ewerk-mariahof.at/,office@ewerk-mariahof.at,"Elektriztätswerk Mariahof GmbH",https://www.ebutilities.at/home.html,"Elektriztätswerk Mariahof GmbH",https://www.eda.at/energiedienstleister,-,https://www.eda.at/pdf/anlage5preisblatt.pdf
AT,DSO,"Elektrogenossenschaft Weerberg reg. Gen.m.b.H.",AT-Code,AT005630,,,info@e-g-w.at,"Elektrogenossenschaft Weerberg reg. Gen.m.b.H.",https://www.ebutilities.at/home.html,"Elektrogenossenschaft Weerberg reg. Gen.m.b.H.",https://www.eda.at/energiedienstleister,-,https://www.eda.at/pdf/anlage5preisblatt.pdf
AT,DSO,"Elektrowerk Assling reg. Gen.m.b.H.",AT-Code,AT005490,,https://www.ewa.at/,ewa@ewa.at,"Elektrowerk Assling reg. Gen.m.b.H.",https://www.ebutilities.at/home.html,"Elektrowerk Assling reg. Gen.m.b.H.",https://www.eda.at/energiedienstleister,-,https://www.eda.at/pdf/anlage5preisblatt.pdf
AT,DSO,"Elektrowerk Schöder GmbH",AT-Code,AT008720,,https://www.evu-schoeder.at/,office@evu-schoeder.at,"Elektrowerk Schöder GmbH",https://www.ebutilities.at/home.html,"Elektrowerk Schöder GmbH",https://www.eda.at/energiedienstleister,-,https://www.eda.at/pdf/anlage5preisblatt.pdf
AT,DSO,"Elektrowerkgenossenschaft Hopfgarten i. Def. reg. Gen. m. b. H.",AT-Code,AT005600,,https://www.ew-hopfgarten.at/,office@ew-hopfgarten.at,"Elektrowerkgenossenschaft Hopfgarten i. Def. reg. Gen. m. b. H.",https://www.ebutilities.at/home.html,"Elektrowerkgenossenschaft Hopfgarten i. Def. reg. Gen. m. b. H.",https://www.eda.at/energiedienstleister,-,https://www.eda.at/pdf/anlage5preisblatt.pdf
AT,DSO,"Energie Güssing GmbH",AT-Code,AT009220,,https://e-guessing.at/,office@e-guessing.at,"Energie Güssing GmbH",https://www.ebutilities.at/home.html,"Energie Güssing GmbH",https://www.eda.at/energiedienstleister,-,https://www.eda.at/pdf/anlage5preisblatt.pdf
AT,DSO,"Energie Klagenfurt GmbH",AT-Code,AT007100,,https://www.energieklagenfurt.at,office@energieklagenfurt.at,"Energie Klagenfurt GmbH",https://www.ebutilities.at/home.html,"Energie Klagenfurt GmbH",https://www.eda.at/energiedienstleister,-,https://www.eda.at/pdf/anlage5preisblatt.pdf
AT,DSO,"Energie Ried Gesellschaft m.b.H.",AT-Code,AT003200,,https://www.energie-ried.at/,office@energie-ried.at,"Energie Ried Gesellschaft m.b.H.",https://www.ebutilities.at/home.html,"Energie Ried Gesellschaft m.b.H.",https://www.eda.at/energiedienstleister,-,https://www.eda.at/pdf/anlage5preisblatt.pdf
AT,DSO,"Energienetze Steiermark GmbH",AT-Code,AT008000,,https://www.e-netze.at/,office@e-netze.at,"Energienetze Steiermark GmbH",https://www.ebutilities.at/home.html,"Energienetze Steiermark GmbH",https://www.eda.at/energiedienstleister,-,https://www.eda.at/pdf/anlage5preisblatt.pdf
AT,DSO,"Energieversorgung Kleinwalsertal Ges. m. b. H.",AT-Code,AT006230,,https://www.evk.at/,info@evk.at,"Energieversorgung Kleinwalsertal Ges. m. b. H.",https://www.ebutilities.at/home.html,"Energieversorgung Kleinwalsertal Ges. m. b. H.",https://www.eda.at/energiedienstleister,-,https://www.eda.at/pdf/anlage5preisblatt.pdf
AT,DSO,"Energieversorgungs GmbH",AT-Code,AT003580,,,strom@mitheis.at,"Energieversorgungs GmbH",https://www.ebutilities.at/home.html,"Energieversorgungs GmbH",https://www.eda.at/energiedienstleister,-,https://www.eda.at/pdf/anlage5preisblatt.pdf
AT,DSO,"Energieversorgungsunternehmen der Florian Lugitsch Gruppe GmbH",AT-Code,AT008580,,https://www.e-lugitsch.at/,office@lugitsch.at,"Energieversorgungsunternehmen der Florian Lugitsch Gruppe GmbH",https://www.ebutilities.at/home.html,"Energieversorgungsunternehmen der Florian Lugitsch Gruppe GmbH",https://www.eda.at/energiedienstleister,-,https://www.eda.at/pdf/anlage5preisblatt.pdf
AT,DSO,"ENVESTA Energie- und Dienstleistungs GmbH",AT-Code,AT008560,,https://www.envesta.at/,office@envesta.at,"ENVESTA Energie- und Dienstleistungs GmbH",https://www.ebutilities.at/home.html,"ENVESTA Energie- und Dienstleistungs GmbH",https://www.eda.at/energiedienstleister,-,https://www.eda.at/pdf/anlage5preisblatt.pdf
AT,DSO,"EVU der Marktgemeinde Eibiswald",AT-Code,AT008390,,,evu@eibiswald.gv.at,"EVU der Marktgemeinde Eibiswald",https://www.ebutilities.at/home.html,"EVU der Marktgemeinde Eibiswald",https://www.eda.at/energiedienstleister,-,https://www.eda.at/pdf/anlage5preisblatt.pdf
AT,DSO,"EVU der Stadtgemeinde Mureck",AT-Code,AT008360,,https://evu-mureck.at/,markus.neubauer@evu-mureck.at,"EVU der Stadtgemeinde Mureck",https://www.ebutilities.at/home.html,"EVU der Stadtgemeinde Mureck",https://www.eda.at/energiedienstleister,-,https://www.eda.at/pdf/anlage5preisblatt.pdf
AT,DSO,"EVU Gerald Mathe e.U.",AT-Code,AT003570,,http://www.mathestrom.at/,office@mathestrom.at,"EVU Gerald Mathe e.U.",https://www.ebutilities.at/home.html,"EVU Gerald Mathe e.U.",https://www.eda.at/energiedienstleister,-,https://www.eda.at/pdf/anlage5preisblatt.pdf
AT,DSO,"EWA Energie- u Wirtschaftsbetriebe der Gemeinde St. Anton GmbH",AT-Code,AT005320,,https://www.ewa-services.at/,office@ewa-services.at,"EWA Energie- u Wirtschaftsbetriebe der Gemeinde St. Anton GmbH",https://www.ebutilities.at/home.html,"EWA Energie- u Wirtschaftsbetriebe der Gemeinde St. Anton GmbH",https://www.eda.at/energiedienstleister,-,https://www.eda.at/pdf/anlage5preisblatt.pdf
AT,DSO,"E-Werk Altenfelden GmbH",AT-Code,AT003900,,,strom@freistrom.at,"E-Werk Altenfelden GmbH",https://www.ebutilities.at/home.html,"E-Werk Altenfelden GmbH",https://www.eda.at/energiedienstleister,-,https://www.eda.at/pdf/anlage5preisblatt.pdf
AT,DSO,"E-Werk der Marktgemeinde Unzmarkt-Frauenburg",AT-Code,AT008410,,,evu@ainet.at,"E-Werk der Marktgemeinde Unzmarkt-Frauenburg",https://www.ebutilities.at/home.html,"E-Werk der Marktgemeinde Unzmarkt-Frauenburg",https://www.eda.at/energiedienstleister,-,https://www.eda.at/pdf/anlage5preisblatt.pdf
AT,DSO,"E-Werk Dietrichschlag eGen",AT-Code,AT003920,,https://www.ewerk-dietrichschlag.at/startseite.html,e-werk.dietrichschlag@aon.at,"E-Werk Dietrichschlag eGen",https://www.ebutilities.at/home.html,"E-Werk Dietrichschlag eGen",https://www.eda.at/energiedienstleister,-,https://www.eda.at/pdf/anlage5preisblatt.pdf
AT,DSO,"E-Werk Ebner GesmbH",AT-Code,AT008730,,,verwaltung@EWEbner.at,"E-Werk Ebner GesmbH",https://www.ebutilities.at/home.html,"E-Werk Ebner GesmbH",https://www.eda.at/energiedienstleister,-,https://www.eda.at/pdf/anlage5preisblatt.pdf
AT,DSO,"E-Werk Gleinstätten GmbH",AT-Code,AT008740,,,office@ktg-austria.at,"E-Werk Gleinstätten GmbH",https://www.ebutilities.at/home.html,"E-Werk Gleinstätten GmbH",https://www.eda.at/energiedienstleister,-,https://www.eda.at/pdf/anlage5preisblatt.pdf
AT,DSO,"E-Werk Gösting Stromversorgung GmbH",AT-Code,AT008210,,,a.froehlich@ewg.at,"E-Werk Gösting Stromversorgung GmbH",https://www.ebutilities.at/home.html,"E-Werk Gösting Stromversorgung GmbH",https://www.eda.at/energiedienstleister,-,https://www.eda.at/pdf/anlage5preisblatt.pdf
AT,DSO,"E-Werk Piwetz",AT-Code,AT008950,,,office@ew-piwetz.at,"E-Werk Piwetz",https://www.ebutilities.at/home.html,"E-Werk Piwetz",https://www.eda.at/energiedienstleister,-,https://www.eda.at/pdf/anlage5preisblatt.pdf
AT,DSO,"E-Werk Ranklleiten",AT-Code,AT003590,,https://ranklleiten.at,office@ranklleiten.at,"E-Werk Ranklleiten",https://www.ebutilities.at/home.html,"E-Werk Ranklleiten",https://www.eda.at/energiedienstleister,-,https://www.eda.at/pdf/anlage5preisblatt.pdf
AT,DSO,"E-Werk Redlmühle B. Drack Elektrotechnik ",AT-Code,AT003910,,http://www.drackstrom.at/ws/frontend/seite/SeiteCms.php?coId=2&coType=navigation1,office@drackstrom.at,"E-Werk Redlmühle B. Drack Elektrotechnik ",https://www.ebutilities.at/home.html,"E-Werk Redlmühle B. Drack Elektrotechnik ",https://www.eda.at/energiedienstleister,-,https://www.eda.at/pdf/anlage5preisblatt.pdf
AT,DSO,"E-Werk Sarmingstein Ing. H. Engelmann & Co KG",AT-Code,AT002900,,,ewsa@e-werke.at,"E-Werk Sarmingstein Ing. H. Engelmann & Co KG",https://www.ebutilities.at/home.html,"E-Werk Sarmingstein Ing. H. Engelmann & Co KG",https://www.eda.at/energiedienstleister,-,https://www.eda.at/pdf/anlage5preisblatt.pdf
AT,DSO,"E-Werk Schattwald e.U.",AT-Code,AT005340,,https://ew-schattwald.at/,office@ew-schattwald.at,"E-Werk Schattwald e.U.",https://www.ebutilities.at/home.html,"E-Werk Schattwald e.U.",https://www.eda.at/energiedienstleister,-,https://www.eda.at/pdf/anlage5preisblatt.pdf
AT,DSO,"E-Werk Schwaighofer GmbH",AT-Code,AT002250,,,e.werk@schwaighofer-lunz.at,"E-Werk Schwaighofer GmbH",https://www.ebutilities.at/home.html,"E-Werk Schwaighofer GmbH",https://www.eda.at/energiedienstleister,-,https://www.eda.at/pdf/anlage5preisblatt.pdf
AT,DSO,"E-Werk Sigl GmbH & Co KG",AT-Code,AT008540,,,,"E-Werk Sigl GmbH & Co KG",https://www.ebutilities.at/home.html,"E-Werk Sigl GmbH & Co KG",https://www.eda.at/energiedienstleister,-,https://www.eda.at/pdf/anlage5preisblatt.pdf
AT,DSO,"E-Werk Stadler GmbH",AT-Code,AT005470,,,info@elektro-stadler.at,"E-Werk Stadler GmbH",https://www.ebutilities.at/home.html,"E-Werk Stadler GmbH",https://www.eda.at/energiedienstleister,-,https://www.eda.at/pdf/anlage5preisblatt.pdf
AT,DSO,"E-Werk Stubenberg eGen",AT-Code,AT008910,,,office@e-werk-stubenberg.at,"E-Werk Stubenberg eGen",https://www.ebutilities.at/home.html,"E-Werk Stubenberg eGen",https://www.eda.at/energiedienstleister,-,https://www.eda.at/pdf/anlage5preisblatt.pdf
AT,DSO,"eww AG",AT-Code,AT003300,,,info@eww.at,"eww AG",https://www.ebutilities.at/home.html,"eww AG",https://www.eda.at/energiedienstleister,-,https://www.eda.at/pdf/anlage5preisblatt.pdf
AT,DSO,"Feistritzthaler Elektrizitätswerk eGen",AT-Code,AT008770,,,s.brantweiner@ewerk-growi.at,"Feistritzthaler Elektrizitätswerk eGen",https://www.ebutilities.at/home.html,"Feistritzthaler Elektrizitätswerk eGen",https://www.eda.at/energiedienstleister,-,https://www.eda.at/pdf/anlage5preisblatt.pdf
AT,DSO,Feistritzwerke-STEWEAG-GmbH,AT-Code,AT008130,,,office@feistritzwerke.at,Feistritzwerke-STEWEAG-GmbH,https://www.ebutilities.at/home.html,Feistritzwerke-STEWEAG-GmbH,https://www.eda.at/energiedienstleister,-,https://www.eda.at/pdf/anlage5preisblatt.pdf
AT,DSO,"Forstverwaltung Seehof GmbH",AT-Code,AT002280,,,office@kupelwieser-forst.at,"Forstverwaltung Seehof GmbH",https://www.ebutilities.at/home.html,"Forstverwaltung Seehof GmbH",https://www.eda.at/energiedienstleister,-,https://www.eda.at/pdf/anlage5preisblatt.pdf
AT,DSO,"Gertraud Schafler GmbH",AT-Code,AT008690,,,office@schaflerstrom.at,"Gertraud Schafler GmbH",https://www.ebutilities.at/home.html,"Gertraud Schafler GmbH",https://www.eda.at/energiedienstleister,-,https://www.eda.at/pdf/anlage5preisblatt.pdf
AT,DSO,"Getzner, Mutter & Cie. Gesellschaft m.b.H. & Co. KG",AT-Code,AT006240,,,office.gmc@getzner.at,"Getzner, Mutter & Cie. Gesellschaft m.b.H. & Co. KG",https://www.ebutilities.at/home.html,"Getzner, Mutter & Cie. Gesellschaft m.b.H. & Co. KG",https://www.eda.at/energiedienstleister,-,https://www.eda.at/pdf/anlage5preisblatt.pdf
AT,DSO,"HALLAG Kommunal GmbH",AT-Code,AT005120,,https://www.hall.ag/,c.neuzil@hall.ag,"HALLAG Kommunal GmbH",https://www.ebutilities.at/home.html,"HALLAG Kommunal GmbH",https://www.eda.at/energiedienstleister,-,https://www.eda.at/pdf/anlage5preisblatt.pdf
AT,DSO,"Heinrich Polsterer UND MITGES.GES.N.B.R.",AT-Code,AT002400,,,h.polsterer@polsterer.co.at,"Heinrich Polsterer UND MITGES.GES.N.B.R.",https://www.ebutilities.at/home.html,"Heinrich Polsterer UND MITGES.GES.N.B.R.",https://www.eda.at/energiedienstleister,-,https://www.eda.at/pdf/anlage5preisblatt.pdf
AT,DSO,"Innsbrucker Kommunalbetriebe AG",AT-Code,AT005100,,,snot@ikb.at,"Innsbrucker Kommunalbetriebe AG",https://www.ebutilities.at/home.html,"Innsbrucker Kommunalbetriebe AG",https://www.eda.at/energiedienstleister,-,https://www.eda.at/pdf/anlage5preisblatt.pdf
AT,DSO,"Joh. Pengg Holding Gesellschaft m.b.H.",AT-Code,AT008930,,,pengg.holding@aon.at,"Joh. Pengg Holding Gesellschaft m.b.H.",https://www.ebutilities.at/home.html,"Joh. Pengg Holding Gesellschaft m.b.H.",https://www.eda.at/energiedienstleister,-,https://www.eda.at/pdf/anlage5preisblatt.pdf
AT,DSO,"K. u. F. Drack Gesellschaft m.b.H. & Co. KG.",AT-Code,AT003520,,,office@kfd.at,"K. u. F. Drack Gesellschaft m.b.H. & Co. KG.",https://www.ebutilities.at/home.html,"K. u. F. Drack Gesellschaft m.b.H. & Co. KG.",https://www.eda.at/energiedienstleister,-,https://www.eda.at/pdf/anlage5preisblatt.pdf
AT,DSO,"KARLSTROM e.U.",AT-Code,AT003470,,,service@karlstrom.at,"KARLSTROM e.U.",https://www.ebutilities.at/home.html,"KARLSTROM e.U.",https://www.eda.at/energiedienstleister,-,https://www.eda.at/pdf/anlage5preisblatt.pdf
AT,DSO,"Klausbauer Wasser Kraft GesmbH & Co KG",AT-Code,AT008250,,,office@klausbauerwasserkraft.at,"Klausbauer Wasser Kraft GesmbH & Co KG",https://www.ebutilities.at/home.html,"Klausbauer Wasser Kraft GesmbH & Co KG",https://www.eda.at/energiedienstleister,-,https://www.eda.at/pdf/anlage5preisblatt.pdf
AT,DSO,"KNG-Kärnten Netz GmbH",AT-Code,AT007000,,,office@kaerntennetz.at,"KNG-Kärnten Netz GmbH",https://www.ebutilities.at/home.html,"KNG-Kärnten Netz GmbH",https://www.eda.at/energiedienstleister,-,https://www.eda.at/pdf/anlage5preisblatt.pdf
AT,DSO,"Kommunalbetriebe Hopfgarten GmbH",AT-Code,AT005330,,,office@kbh.at,"Kommunalbetriebe Hopfgarten GmbH",https://www.ebutilities.at/home.html,"Kommunalbetriebe Hopfgarten GmbH",https://www.eda.at/energiedienstleister,-,https://www.eda.at/pdf/anlage5preisblatt.pdf
AT,DSO,"Kommunalbetriebe Rinn GmbH",AT-Code,AT005650,,,office@kbrinn.at,"Kommunalbetriebe Rinn GmbH",https://www.ebutilities.at/home.html,"Kommunalbetriebe Rinn GmbH",https://www.eda.at/energiedienstleister,-,https://www.eda.at/pdf/anlage5preisblatt.pdf
AT,DSO,"Kraftwerk Glatzing-Rüstorf eGen",AT-Code,AT003510,,,kwg@kwg.at,"Kraftwerk Glatzing-Rüstorf eGen",https://www.ebutilities.at/home.html,"Kraftwerk Glatzing-Rüstorf eGen",https://www.eda.at/energiedienstleister,-,https://www.eda.at/pdf/anlage5preisblatt.pdf
AT,DSO,"Kraftwerk Reinisch GmbH",AT-Code,AT005690,,,office@kw-reinisch.at,"Kraftwerk Reinisch GmbH",https://www.ebutilities.at/home.html,"Kraftwerk Reinisch GmbH",https://www.eda.at/energiedienstleister,-,https://www.eda.at/pdf/anlage5preisblatt.pdf
AT,DSO,"Kraftwerke Haim K.G.",AT-Code,AT005210,,,info@kraftwerkhaim.at,"Kraftwerke Haim K.G.",https://www.ebutilities.at/home.html,"Kraftwerke Haim K.G.",https://www.eda.at/energiedienstleister,-,https://www.eda.at/pdf/anlage5preisblatt.pdf
AT,DSO,"Kraut E-Werk KG",AT-Code,AT008970,,,reinhard.kraut@aon.at,"Kraut E-Werk KG",https://www.ebutilities.at/home.html,"Kraut E-Werk KG",https://www.eda.at/energiedienstleister,-,https://www.eda.at/pdf/anlage5preisblatt.pdf
AT,DSO,"Licht- u. Kraftstromvertrieb d. Marktgemeinde Göstling a.d. Ybbs",AT-Code,AT002120,,,b.blamauer@goestling.com,"Licht- u. Kraftstromvertrieb d. Marktgemeinde Göstling a.d. Ybbs",https://www.ebutilities.at/home.html,"Licht- u. Kraftstromvertrieb d. Marktgemeinde Göstling a.d. Ybbs",https://www.eda.at/energiedienstleister,-,https://www.eda.at/pdf/anlage5preisblatt.pdf
AT,DSO,"Licht- und Kraftstromvertrieb der Gemeinde Opponitz",AT-Code,AT002300,,,gemeinde@opponitz.gv.at,"Licht- und Kraftstromvertrieb der Gemeinde Opponitz",https://www.ebutilities.at/home.html,"Licht- und Kraftstromvertrieb der Gemeinde Opponitz",https://www.eda.at/energiedienstleister,-,https://www.eda.at/pdf/anlage5preisblatt.pdf
AT,DSO,"Licht- und Kraftvertrieb der Gemeinde Hollenstein",AT-Code,AT002130,,,lkv@hollenstein.at,"Licht- und Kraftvertrieb der Gemeinde Hollenstein",https://www.ebutilities.at/home.html,"Licht- und Kraftvertrieb der Gemeinde Hollenstein",https://www.eda.at/energiedienstleister,-,https://www.eda.at/pdf/anlage5preisblatt.pdf
AT,DSO,"Lichtgenossenschaft Neukirchen eGen",AT-Code,AT004120,,,info@lichtgenossenschaft.at,"Lichtgenossenschaft Neukirchen eGen",https://www.ebutilities.at/home.html,"Lichtgenossenschaft Neukirchen eGen",https://www.eda.at/energiedienstleister,-,https://www.eda.at/pdf/anlage5preisblatt.pdf
AT,DSO,"LINZ NETZ GmbH",AT-Code,AT003100,,,office@linznetz.at,"LINZ NETZ GmbH",https://www.ebutilities.at/home.html,"LINZ NETZ GmbH",https://www.eda.at/energiedienstleister,-,https://www.eda.at/pdf/anlage5preisblatt.pdf
AT,DSO,"Mag. Engelbert Julius Tassotti jun. (E-Werk Tassotti) ",AT-Code,AT008990,,,tassotti@gmail.com,"Mag. Engelbert Julius Tassotti jun. (E-Werk Tassotti) ",https://www.ebutilities.at/home.html,"Mag. Engelbert Julius Tassotti jun. (E-Werk Tassotti) ",https://www.eda.at/energiedienstleister,-,https://www.eda.at/pdf/anlage5preisblatt.pdf
AT,DSO,"Marktgemeinde Neumarkt Versorgungsbetriebsges.mbH",AT-Code,AT008420,,,g.hofer@ew-nmkt.at,"Marktgemeinde Neumarkt Versorgungsbetriebsges.mbH",https://www.ebutilities.at/home.html,"Marktgemeinde Neumarkt Versorgungsbetriebsges.mbH",https://www.eda.at/energiedienstleister,-,https://www.eda.at/pdf/anlage5preisblatt.pdf
AT,DSO,"Marktgemeinde Niklasdorf, EVU Niklasdorf",AT-Code,AT008330,,,evu@niklasdorf.steiermark.at,"Marktgemeinde Niklasdorf, EVU Niklasdorf",https://www.ebutilities.at/home.html,"Marktgemeinde Niklasdorf, EVU Niklasdorf",https://www.eda.at/energiedienstleister,-,https://www.eda.at/pdf/anlage5preisblatt.pdf
AT,DSO,"Montafonerbahn AG",AT-Code,AT006220,,,info@montafonerbahn.at,"Montafonerbahn AG",https://www.ebutilities.at/home.html,"Montafonerbahn AG",https://www.eda.at/energiedienstleister,-,https://www.eda.at/pdf/anlage5preisblatt.pdf
AT,DSO,"Murauer Stadtwerke GmbH",AT-Code,AT008430,,,tarifstelle@stadtwerke-murau.at,"Murauer Stadtwerke GmbH",https://www.ebutilities.at/home.html,"Murauer Stadtwerke GmbH",https://www.eda.at/energiedienstleister,-,https://www.eda.at/pdf/anlage5preisblatt.pdf
AT,DSO,"Netz Burgenland GmbH",AT-Code,AT009000,,,info@netzburgenland.at,"Netz Burgenland GmbH",https://www.ebutilities.at/home.html,"Netz Burgenland GmbH",https://www.eda.at/energiedienstleister,-,https://www.eda.at/pdf/anlage5preisblatt.pdf
AT,DSO,"Netz Niederösterreich GmbH",AT-Code,AT002000,,,"pdf-rechnung@netz-noe.at ","Netz Niederösterreich GmbH",https://www.ebutilities.at/home.html,"Netz Niederösterreich GmbH",https://www.eda.at/energiedienstleister,-,https://www.eda.at/pdf/anlage5preisblatt.pdf
AT,DSO,"Netz Oberösterreich GmbH",AT-Code,AT003000,,,service@netzooe.at,"Netz Oberösterreich GmbH",https://www.ebutilities.at/home.html,"Netz Oberösterreich GmbH",https://www.eda.at/energiedienstleister,-,https://www.eda.at/pdf/anlage5preisblatt.pdf
AT,DSO,"P.K. Energieversorgungs-GmbH",AT-Code,AT008630,,,strom@kiendler.at,"P.K. Energieversorgungs-GmbH",https://www.ebutilities.at/home.html,"P.K. Energieversorgungs-GmbH",https://www.eda.at/energiedienstleister,-,https://www.eda.at/pdf/anlage5preisblatt.pdf
AT,DSO,"Plövner Schmiede Betriebs GesmbH",AT-Code,AT005670,,,info@ploevnerschmiede.at,"Plövner Schmiede Betriebs GesmbH",https://www.ebutilities.at/home.html,"Plövner Schmiede Betriebs GesmbH",https://www.eda.at/energiedienstleister,-,https://www.eda.at/pdf/anlage5preisblatt.pdf
AT,DSO,"Polsterer Kerres Ruttin Holding GmbH",AT-Code,AT002270,,,office@polsterer-holding.at,"Polsterer Kerres Ruttin Holding GmbH",https://www.ebutilities.at/home.html,"Polsterer Kerres Ruttin Holding GmbH",https://www.eda.at/energiedienstleister,-,https://www.eda.at/pdf/anlage5preisblatt.pdf
AT,DSO,"Revertera'sches E-Werk",AT-Code,AT003540,,https://www.revertera.at/,strom@revertera.at,"Revertera'sches E-Werk",https://www.ebutilities.at/home.html,"Revertera'sches E-Werk",https://www.eda.at/energiedienstleister,-,https://www.eda.at/pdf/anlage5preisblatt.pdf
AT,DSO,"Salzburg Netz GmbH",AT-Code,AT004000,,https://www.salzburgnetz.at/,office@salzburg-ag.at,"Salzburg Netz GmbH",https://www.ebutilities.at/home.html,"Salzburg Netz GmbH",https://www.eda.at/energiedienstleister,-,https://www.eda.at/pdf/anlage5preisblatt.pdf
AT,DSO,"Schwarz, Wagendorffer & Co, Elektrizitätswerk GmbH ",AT-Code,AT008850,,https://www.ewerk.at/,office@ewerk.at,"Schwarz, Wagendorffer & Co, Elektrizitätswerk GmbH ",https://www.ebutilities.at/home.html,"Schwarz, Wagendorffer & Co, Elektrizitätswerk GmbH ",https://www.eda.at/energiedienstleister,-,https://www.eda.at/pdf/anlage5preisblatt.pdf
AT,DSO,"Stadtbetriebe Mariazell GmbH",AT-Code,AT008440,,https://www.sbm.or.at/,office@sbm.or.at,"Stadtbetriebe Mariazell GmbH",https://www.ebutilities.at/home.html,"Stadtbetriebe Mariazell GmbH",https://www.eda.at/energiedienstleister,-,https://www.eda.at/pdf/anlage5preisblatt.pdf
AT,DSO,"Städtische Betriebe Rottenmann GmbH",AT-Code,AT008350,,http://www.sb-rottenmann.at/,office.sbr@rottenmann.at,"Städtische Betriebe Rottenmann GmbH",https://www.ebutilities.at/home.html,"Städtische Betriebe Rottenmann GmbH",https://www.eda.at/energiedienstleister,-,https://www.eda.at/pdf/anlage5preisblatt.pdf
AT,DSO,"Stadtwerke Amstetten ",AT-Code,AT002110,,https://stadtwerke.amstetten.at/home/,,"Stadtwerke Amstetten ",https://www.ebutilities.at/home.html,"Stadtwerke Amstetten ",https://www.eda.at/energiedienstleister,-,https://www.eda.at/pdf/anlage5preisblatt.pdf
AT,DSO,"Stadtwerke Bruck an der Mur GmbH",AT-Code,AT008140,,https://www.stadtwerke-bruck.at/,office@stadtwerke-bruck.at,"Stadtwerke Bruck an der Mur GmbH",https://www.ebutilities.at/home.html,"Stadtwerke Bruck an der Mur GmbH",https://www.eda.at/energiedienstleister,-,https://www.eda.at/pdf/anlage5preisblatt.pdf
AT,DSO,"Stadtwerke Feldkirch",AT-Code,AT006110,,https://www.stadtwerke-feldkirch.at/,kundencenter@stadtwerke-feldkirch.at,"Stadtwerke Feldkirch",https://www.ebutilities.at/home.html,"Stadtwerke Feldkirch",https://www.eda.at/energiedienstleister,-,https://www.eda.at/pdf/anlage5preisblatt.pdf
AT,DSO,"Stadtwerke Fürstenfeld GmbH",AT-Code,AT008150,,http://www.stwff.at/,lang@stwff.at,"Stadtwerke Fürstenfeld GmbH",https://www.ebutilities.at/home.html,"Stadtwerke Fürstenfeld GmbH",https://www.eda.at/energiedienstleister,-,https://www.eda.at/pdf/anlage5preisblatt.pdf
AT,DSO,"Stadtwerke Hartberg Energieversorgungs GmbH",AT-Code,AT008470,,https://www.stadtwerke-hartberg.at/,stadtwerke@stadtwerke-hartberg.at,"Stadtwerke Hartberg Energieversorgungs GmbH",https://www.ebutilities.at/home.html,"Stadtwerke Hartberg Energieversorgungs GmbH",https://www.eda.at/energiedienstleister,-,https://www.eda.at/pdf/anlage5preisblatt.pdf
AT,DSO,"Stadtwerke Imst",AT-Code,AT005370,,https://www.stwimst.at/,stadtwerke@stwimst.at,"Stadtwerke Imst",https://www.ebutilities.at/home.html,"Stadtwerke Imst",https://www.eda.at/energiedienstleister,-,https://www.eda.at/pdf/anlage5preisblatt.pdf
AT,DSO,"Stadtwerke Judenburg Aktiengesellschaft",AT-Code,AT008160,,https://stadtwerke.co.at/,office@stadtwerke.co.at,"Stadtwerke Judenburg Aktiengesellschaft",https://www.ebutilities.at/home.html,"Stadtwerke Judenburg Aktiengesellschaft",https://www.eda.at/energiedienstleister,-,https://www.eda.at/pdf/anlage5preisblatt.pdf
AT,DSO,"Stadtwerke Kapfenberg GmbH",AT-Code,AT008170,,https://www.stadtwerke-kapfenberg.at/start.html,office@stadtwerke-kapfenberg.at,"Stadtwerke Kapfenberg GmbH",https://www.ebutilities.at/home.html,"Stadtwerke Kapfenberg GmbH",https://www.eda.at/energiedienstleister,-,https://www.eda.at/pdf/anlage5preisblatt.pdf
AT,DSO,"Stadtwerke Kitzbühel e.U.",AT-Code,AT005130,,https://www.stadtwerke-kitzbuehel.at/,office@stwk.kitz.net,"Stadtwerke Kitzbühel e.U.",https://www.ebutilities.at/home.html,"Stadtwerke Kitzbühel e.U.",https://www.eda.at/energiedienstleister,-,https://www.eda.at/pdf/anlage5preisblatt.pdf
AT,DSO,"Stadtwerke Köflach GmbH",AT-Code,AT008180,,https://www.stadtwerke-koeflach.at/,office@stadtwerke-koeflach.at,"Stadtwerke Köflach GmbH",https://www.ebutilities.at/home.html,"Stadtwerke Köflach GmbH",https://www.eda.at/energiedienstleister,-,https://www.eda.at/pdf/anlage5preisblatt.pdf
AT,DSO,"Stadtwerke Kufstein GmbH",AT-Code,AT005140,,https://www.stwk.at/,kundenberatung-backoffice@stwk.at,"Stadtwerke Kufstein GmbH",https://www.ebutilities.at/home.html,"Stadtwerke Kufstein GmbH",https://www.eda.at/energiedienstleister,-,https://www.eda.at/pdf/anlage5preisblatt.pdf
AT,DSO,"Stadtwerke Mürzzuschlag Gesellschaft m.b.H.",AT-Code,AT008190,,https://www.stadtwerke-mz.at/,office@stwmz.at;,"Stadtwerke Mürzzuschlag Gesellschaft m.b.H.",https://www.ebutilities.at/home.html,"Stadtwerke Mürzzuschlag Gesellschaft m.b.H.",https://www.eda.at/energiedienstleister,-,https://www.eda.at/pdf/anlage5preisblatt.pdf
AT,DSO,"Stadtwerke Schwaz GmbH",AT-Code,AT005150,,https://www.stadtwerkeschwaz.at/,info@stadtwerkeschwaz.at,"Stadtwerke Schwaz GmbH",https://www.ebutilities.at/home.html,"Stadtwerke Schwaz GmbH",https://www.eda.at/energiedienstleister,-,https://www.eda.at/pdf/anlage5preisblatt.pdf
AT,DSO,"Stadtwerke Trofaiach Gesellschaft m.b.H.",AT-Code,AT008490,,https://stadtwerke-trofaiach.at/,office@stadtwerke-trofaiach.at,"Stadtwerke Trofaiach Gesellschaft m.b.H.",https://www.ebutilities.at/home.html,"Stadtwerke Trofaiach Gesellschaft m.b.H.",https://www.eda.at/energiedienstleister,-,https://www.eda.at/pdf/anlage5preisblatt.pdf
AT,DSO,"Stadtwerke Voitsberg GmbH",AT-Code,AT008120,,https://www.stadtwerke-voitsberg.at/,office@stadtwerkevoitsberg.at,"Stadtwerke Voitsberg GmbH",https://www.ebutilities.at/home.html,"Stadtwerke Voitsberg GmbH",https://www.eda.at/energiedienstleister,-,https://www.eda.at/pdf/anlage5preisblatt.pdf
AT,DSO,"Stadtwerke Wörgl GmbH",AT-Code,AT005160,,https://www.stww.at/,info@stww.at,"Stadtwerke Wörgl GmbH",https://www.ebutilities.at/home.html,"Stadtwerke Wörgl GmbH",https://www.eda.at/energiedienstleister,-,https://www.eda.at/pdf/anlage5preisblatt.pdf
AT,DSO,"Stromnetz Graz GmbH & Co KG",AT-Code,AT008100,,https://www.stromnetz-graz.at/,office@stromnetz-graz.at,"Stromnetz Graz GmbH & Co KG",https://www.ebutilities.at/home.html,"Stromnetz Graz GmbH & Co KG",https://www.eda.at/energiedienstleister,-,https://www.eda.at/pdf/anlage5preisblatt.pdf
AT,DSO,"TINETZ-Tiroler Netze GmbH",AT-Code,AT005000,,https://www.tinetz.at/,sc@tinetz.at,"TINETZ-Tiroler Netze GmbH",https://www.ebutilities.at/home.html,"TINETZ-Tiroler Netze GmbH",https://www.eda.at/energiedienstleister,-,https://www.eda.at/pdf/anlage5preisblatt.pdf
AT,DSO,"Vorarlberger Energienetze GmbH",AT-Code,AT006000,,https://www.vorarlbergnetz.at/,markus.eberle@vorarlbergnetz.at,"Vorarlberger Energienetze GmbH",https://www.ebutilities.at/home.html,"Vorarlberger Energienetze GmbH",https://www.eda.at/energiedienstleister,-,https://www.eda.at/pdf/anlage5preisblatt.pdf
AT,DSO,"Wasserkraft Sölden eGen",AT-Code,AT005610,,https://www.wasserkraft-soelden.at/,info@wasserkraft-soelden.at,"Wasserkraft Sölden eGen",https://www.ebutilities.at/home.html,"Wasserkraft Sölden eGen",https://www.eda.at/energiedienstleister,-,https://www.eda.at/pdf/anlage5preisblatt.pdf
AT,DSO,"Wiener Netze GmbH",AT-Code,AT001000,,https://www.wienernetze.at/,office@wienenergie.at,"Wiener Netze GmbH",https://www.ebutilities.at/home.html,"Wiener Netze GmbH",https://www.eda.at/energiedienstleister,-,https://www.eda.at/pdf/anlage5preisblatt.pdf
AT,DSO,"wüsterstrom E-Werk GmbH",AT-Code,AT002230,,https://www.wuesterstrom.at/,office@wuesterstrom.at,"wüsterstrom E-Werk GmbH",https://www.ebutilities.at/home.html,"wüsterstrom E-Werk GmbH",https://www.eda.at/energiedienstleister,-,https://www.eda.at/pdf/anlage5preisblatt.pdf
FR,DSO,Enedis,n.a.,n.a.,,https://enedis.fr,n.a.,Enedis,,Enedis,https://datahub-enedis.fr/en/data-connect-en/documentation/,,free
FR,DSO,"SRD Energies",n.a.,n.a.,,https://www.srd-energies.fr/,n.a.,"SRD Energies",,"SRD Energies",https://datahub-enedis.fr/en/data-connect-en/documentation/,,free
